Community Fest REGISTRATION,All Summer Sound June,Stay On T3,Daily Scoop Challenge,LIVE League S3,One World One Sound,Laugh Now,Gaming Gala: Record Hunter
June 10 -17,June 1 - 28,June 1 - 29,June 1 - 28th,May 28 - June 8,June 1 - 10,June 1 - 9,May 29 - Jun 4
https://www.tiktok.com/t/ZSxRqsnrJ/,https://discord.com/channels/958221101182382130/1511835965377745098,https://discord.com/channels/958221101182382130/1512197243388821625,https://discord.com/channels/958221101182382130/1512199413622247466,https://discord.com/channels/958221101182382130/1509344184790941726,https://discord.com/channels/958221101182382130/1511107550412669099,https://discord.com/channels/958221101182382130/1511134350614200440,https://discord.com/channels/958221101182382130/1509352436157124698
?,?,?,?,?,?,?,?
NEW,,,,FINISHED,FINISHED,FINISHED,FINISHED
---ALL---,skylerclarkk,lighskinkeithsweat,queen_ortiz__,---ALL---,samanthasingsit,lighskinkeithsweat,chefvaun
,sierralevesquemusic,imjustnicob,bridgetryan,,sparkysinn,bridgetryan,yaticasimagination
,djunieq,a.marie.911,relaxwithrissa,,meghanpullsmusic,imjustnicob,backwoodscaiden
,coloreomusic,thetrapviolinist,foreveryapping,,daveyboyjones,a.marie.911,slaydrigaming
,mattwatersmusic,ageofangel,danielsbrowning,,phiva357,maiazakay,umparker
,dalanietaylor,yourfavderek,sierralevesquemusic,,jameagledavinci,ageofangel,imjustnicob
,thelyonsband,luke.h.reynoldsmusic,sweetvirgo381,,follow_the_breeze,yourfavderek,namezcarol
,sparkysinn,mystiquedejello,hunterbenjamin3,,dalanietaylor,luke.h.reynoldsmusic,daddylilsky24
,follow_the_breeze,coloreomusic,victoria.booktok1773,,mattlongmusic,nicolefarahh,doseof.tayyy
,freekbass,nicolefarahh,ryanrevard,,kirstenalexismusic,caleb_caldwell1,therealvioletfoxx
,azyatk,caleb_caldwell1,fabtiff75,,lighskinkeithsweat,naseem0815,kaybaby2141
,shed0fficial,jayden_egg,bigpapaaust,,skylerclarkk,loisa_asmr,truckernameswag
,mattlongmusic,naseem0815,siren_ofthe_stars,,sierralevesquemusic,cpayne_04,cosmictay13
,realryanmichaels,dalanietaylor,lo.forge,,thetrapviolinist,follow_the_breeze,unclevlnny
,damoyee,alliemsx,millennialbeth,,lo.forge,deearnnap,likeromeo
,foolishondemkeyz,cpayne_04,djunieq,,luke.h.reynoldsmusic,jeremiahboutross,zanemelz
,meghanpullsmusic,jordan.borges,lunaticcupcakettv,,djunieq,bobbyjwil,lunaticcupcakettv
,musicalnugget,bobbyjwil,fathernewman,,coloreomusic,brayden.pantel,itsbriannablake
,gentryblue,b.herbz,mattwatersmusic,,alexaraeemusic,willied78,annascozycorner
,pcdrums76,willied78,lil.ginga5,,mattwatersmusic,steven_dean,fathernewman
,myfri3ndlogan,oregonstargirl,allltimesam,,cupcakesareverygood,damoyee,madizmadz
,djuntvld,steven_dean,864_queen,,thelyonsband,mirsowavy,allltimesam
,shanellenikolee,damoyee,niknak_89,,peggyscourlas,pcdrums76,tyrellgreenlee
,jameagledavinci,justinsmith8689,roostersworld4,,freekbass,djuntvld,arivassallo914
,heffanie.95,mirsowavy,the.camjohnson,,azyatk,sparksboi97,bryton.39
,koryskitchen,musicalnugget,codyglenncoxmusic,,jm.krajc,voyce89,alliemsx
,howlingattheearth,pcdrums76,cupcakesareverygood,,shed0fficial,legallyjacked,caroleens
,samanthasingsit,djuntvld,lowrainnn1,,rachelgraceviolin,shanellenikolee,th3onef3ar
,thecyrilia,sparksboi97,loisa_asmr,,_iamchilly,sierralandmagic,kristenkittymeow
,sunshinebloomed,voyce89,caroleens,,willied78,fishon053,cottonsnivy
,rockylanemusic,legallyjacked,peggyscourlas,,coophewitt,aaronhunt30,xander5klive
,noisemoist,shanellenikolee,sparkysinn,,melwithaperiod,stephymaddy,ardy.afshar
,daveyboyjones,gaywhonotme,follow_the_breeze,,realryanmichaels,blakeslifeline,norsenectarmeadsgaming
,genxjamz,sierralandasmr,mistresswednesday13,,damoyee,sam_g_89,im.just.a.girly39
,,aaronhunt30,azyatk,,foolishondemkeyz,redrumstudios,jeremiahboutross
,,stephymaddy,tha_dripp_phamily,,musicalnugget,samanthasingsit,fatalparadox11877
,,blakeslifeline,miss__kimmy,,gentryblue,thebellaflora__,nekosnowlily
,,koryskitchen,shed0fficial,,myfri3ndlogan,itspopejoy,lady_cabernet
,,redrumstudios,ashtondrak3,,lesbreehonestt,growandglowasmr,jamjamish
,,theviolution,ajsrantroom,,coburnofficial,samuelciafaloni,itskbearr
,,thebellaflora__,im.just.a.girly39,,_archangel_l,rockylanemusic,mecheware1959
,,growandglowasmr,callsign.lilparker780,,camgtastysoul,natalianope,rhynoxlive
,,samuelciafaloni,jeremiahboutross,,djuntvld,cwdetroit,n00lanttv
,,rockylanemusic,perfectaimm,,joshmacattack,metalkitten2,leahhmelia
,,natalianope,brayden.pantel,,voyce89,titancosplays,carringtonchronicles
,,cwdetroit,znation38,,heffanie.95,sweetlilahxoxo,mariigamez333
,,titancosplays,dontaskhowmany,,schenk_official,,briarnorthamerican
,,,x.xiii.x,,poecelain,,homiequest
,,,srt.berner420,,johnstonecountry,,lluxxid
,,,kayybaee26,,paulschofield_bass,,1codybentley
,,,tattedandspicy,,mauricethemusic,,jazcatraz
,,,annaaweartist,,stephymaddy,,princesscults
,,,beautiful_soul_25,,uriquarlesceodfm,,barrybee313
,,,foolishondemkeyz,,howlingattheearth,,clovonet02
,,,meghanpullsmusic,,roxythekaraokequeen,,queenofhearts0069_
,,,chefvaun,,popcultkillers,,corruptedcodytv1
,,,jamjamish,,theviolution,,hotsenorita2
,,,24widmar,,thecyrilia,,fizzle_station
,,,sonnybrightside,,jdc..2000,,_west_000
,,,codenamekodi,,animalondrums,,boundmanlove
,,,lesbreehonestt,,leoricalenz,,danny.buth
,,,phiva357,,rockylanemusic,,lyvidyka
,,,coburnofficial,,tbone_ga,,redrumstudios
,,,carringtonchronicles,,natalianope,,dramacat4
,,,shelbyjo89,,noisemoist,,zezecod
,,,curlykelss,,maxx.mayhem,,modern_ragnar_1.0
,,,muthafknsid,,genxjamz,,thecluelessbunny
,,,sosefinaaah,,boomdrops,,drewcasta
,,,silvershadowmark,,fuzzandfuel,,xrheaofficial
,,,princesscults,,harambemuzic,,official_hd_
,,,dougielifts,,,,samuelciafaloni
,,,southerncharm0726,,,,the.bolter_32
,,,healingwithjohnathan,,,,stycollin
,,,kingeloteroman,,,,rdino_36
,,,backwoodscaiden,,,,natures_kill
,,,heffanie.95,,,,bumbl3beedee
,,,high.priestess.diva,,,,lmrese
,,,swug_asmr,,,,zordoth
,,,kimberlyisabelle0,,,,titancosplays
,,,gorgeousgoddessart,,,,midnightxreign
,,,themamatink,,,,kenziehuggg
,,,prettygirl2229,,,,battyfog
,,,popcultkillers,,,,.r3ason
,,,samanthasingsit,,,,mergemadam
,,,jdc..2000,,,,imjustsaiyanbro
,,,animalondrums,,,,stary.750
,,,thecluelessbunny,,,,lokirising
,,,drewcasta,,,,
,,,leoricalenz,,,,
,,,_alycen,,,,
,,,official_hd_,,,,
,,,auesomemoma,,,,
,,,katelyn.mitchell23,,,,
,,,the.bolter_32,,,,
,,,celia.silva072,,,,
,,,metalkitten2,,,,
,,,riahx2x,,,,
,,,bumbl3beedee,,,,
,,,ghostsniper504,,,,
,,,zordoth,,,,
,,,whoistatumbittick,,,,
,,,midnightxreign,,,,
,,,alexshopsfar3,,,,
,,,whitn084,,,,
,,,barbi6898,,,,
,,,therealhambino,,,,
,,,sweetlilahxoxo,,,,
,,,lancektyree,,,,
,,,fuzzandfuel,,,,